,mark,label,features,index,rawPrediction,probability,prediction
0,test,0,"[34.5,0.0,0.0,7.82919979095,0.0,0.0,2.0,0.0]",0.0,"[183.577442408,15.4225575923]","[0.922499710591,0.0775002894085]",0.0
1,test,0,"[47.0,1.0,0.0,7.0,0.0,1.0,0.0,2.0]",0.0,"[123.830168867,75.1698311329]","[0.622262155111,0.377737844889]",0.0
2,test,0,"[62.0,0.0,0.0,9.6875,2.0,0.0,2.0,0.0]",0.0,"[170.10369455,28.8963054495]","[0.854792434927,0.145207565073]",0.0
3,test,0,"[27.0,0.0,0.0,8.66250038147,0.0,0.0,0.0,0.0]",0.0,"[172.72174341,26.2782565904]","[0.867948459345,0.132051540655]",0.0
4,test,0,"[22.0,1.0,1.0,12.2875003815,0.0,1.0,0.0,2.0]",0.0,"[94.8986948934,104.101305107]","[0.476877863786,0.523122136214]",1.0
5,test,0,"[14.0,0.0,0.0,9.22500038147,0.0,0.0,0.0,0.0]",0.0,"[171.011578132,27.9884218676]","[0.859354663982,0.140645336018]",0.0
6,test,0,"[30.0,0.0,0.0,7.62919998169,0.0,1.0,2.0,1.0]",0.0,"[94.8274791872,104.172520813]","[0.476519995916,0.523480004084]",1.0
7,test,0,"[26.0,1.0,1.0,29.0,2.0,0.0,0.0,0.0]",0.0,"[163.044159675,35.9558403251]","[0.819317385301,0.180682614699]",0.0
8,test,0,"[18.0,0.0,0.0,7.22919988632,0.0,1.0,1.0,2.0]",0.0,"[84.786680922,114.213319078]","[0.426063723226,0.573936276774]",1.0
9,test,0,"[21.0,2.0,0.0,24.1499996185,0.0,0.0,0.0,0.0]",0.0,"[175.200285354,23.799714646]","[0.88040344399,0.11959655601]",0.0
10,test,0,"[29.8811378479,0.0,0.0,7.89580011368,0.0,0.0,0.0,0.0]",0.0,"[180.940638386,18.0593616145]","[0.909249439123,0.0907505608768]",0.0
11,test,0,"[46.0,0.0,0.0,26.0,1.0,0.0,0.0,0.0]",0.0,"[164.078202518,34.9217974819]","[0.824513580493,0.175486419507]",0.0
12,test,0,"[23.0,1.0,0.0,82.2667007446,1.0,1.0,0.0,2.0]",0.0,"[6.83122326869,192.168776731]","[0.034327755119,0.965672244881]",1.0
13,test,0,"[63.0,1.0,0.0,26.0,2.0,0.0,0.0,0.0]",0.0,"[167.277306784,31.722693216]","[0.840589481327,0.159410518673]",0.0
14,test,0,"[47.0,1.0,0.0,61.1749992371,1.0,1.0,0.0,2.0]",0.0,"[5.41015496861,193.589845031]","[0.027186708385,0.972813291615]",1.0
15,test,0,"[24.0,1.0,0.0,27.7208003998,2.0,1.0,1.0,2.0]",0.0,"[14.8837978953,184.116202105]","[0.0747929542479,0.925207045752]",1.0
16,test,0,"[35.0,0.0,0.0,12.3500003815,2.0,0.0,2.0,0.0]",0.0,"[182.713305852,16.2866941476]","[0.918157315841,0.0818426841587]",0.0
17,test,0,"[21.0,0.0,0.0,7.22499990463,0.0,0.0,1.0,0.0]",0.0,"[167.590489759,31.4095102412]","[0.84216326512,0.15783673488]",0.0
18,test,0,"[27.0,1.0,0.0,7.92500019073,0.0,1.0,0.0,1.0]",0.0,"[126.994051905,72.0059480952]","[0.638161064848,0.361838935152]",0.0
19,test,0,"[45.0,0.0,0.0,7.22499990463,0.0,1.0,1.0,2.0]",0.0,"[101.669786299,97.3302137015]","[0.510903448736,0.489096551264]",0.0
20,test,0,"[55.0,1.0,0.0,59.4000015259,1.0,0.0,1.0,0.0]",0.0,"[142.394016483,56.605983517]","[0.715547821523,0.284452178477]",0.0
21,test,0,"[9.0,0.0,1.0,3.17079997063,0.0,0.0,0.0,3.0]",0.0,"[101.8816357,97.1183642999]","[0.511968018593,0.488031981407]",0.0
22,test,0,"[29.8811378479,0.0,0.0,31.6833000183,1.0,1.0,0.0,2.0]",0.0,"[13.3991244299,185.60087557]","[0.0673322835675,0.932667716432]",1.0
23,test,0,"[21.0,0.0,1.0,61.3791999817,1.0,0.0,1.0,0.0]",0.0,"[137.074542124,61.9254578765]","[0.688816794591,0.311183205409]",0.0
24,test,0,"[48.0,1.0,3.0,262.375,1.0,1.0,1.0,2.0]",0.0,"[9.51627318578,189.483726814]","[0.0478204682703,0.95217953173]",1.0
25,test,0,"[50.0,1.0,0.0,14.5,0.0,0.0,0.0,0.0]",0.0,"[181.364274968,17.6357250319]","[0.911378266172,0.0886217338284]",0.0
26,test,0,"[22.0,0.0,1.0,61.9791984558,1.0,1.0,1.0,1.0]",0.0,"[3.94015294638,195.059847054]","[0.0197997635497,0.98020023645]",1.0
27,test,0,"[22.5,0.0,0.0,7.22499990463,0.0,0.0,1.0,0.0]",0.0,"[171.233386493,27.7666135072]","[0.860469278858,0.139530721142]",0.0
28,test,0,"[41.0,0.0,0.0,30.5,1.0,0.0,0.0,0.0]",0.0,"[136.310144468,62.6898555318]","[0.684975600343,0.315024399657]",0.0
29,test,0,"[29.8811378479,2.0,0.0,21.6791992188,0.0,0.0,1.0,0.0]",0.0,"[163.576154314,35.4238456858]","[0.821990725197,0.178009274803]",0.0
30,test,0,"[50.0,1.0,0.0,26.0,2.0,0.0,0.0,0.0]",0.0,"[177.504159848,21.4958401524]","[0.891980702752,0.108019297248]",0.0
31,test,0,"[24.0,2.0,0.0,31.5,2.0,0.0,0.0,0.0]",0.0,"[165.042706558,33.9572934419]","[0.829360334463,0.170639665537]",0.0
32,test,0,"[33.0,1.0,2.0,20.5750007629,0.0,1.0,0.0,2.0]",0.0,"[88.8271048379,110.172895162]","[0.446367360995,0.553632639005]",1.0
33,test,0,"[29.8811378479,1.0,2.0,23.4500007629,0.0,1.0,0.0,2.0]",0.0,"[113.592370971,85.407629029]","[0.570815934528,0.429184065472]",0.0
34,test,0,"[30.0,1.0,0.0,57.75,1.0,0.0,1.0,0.0]",0.0,"[120.885563481,78.1144365186]","[0.607465143123,0.392534856877]",0.0
35,test,0,"[18.5,0.0,0.0,7.22919988632,0.0,0.0,1.0,0.0]",0.0,"[165.9565345,33.0434655005]","[0.833952434671,0.166047565329]",0.0
36,test,0,"[29.8811378479,0.0,0.0,8.05000019073,0.0,1.0,0.0,1.0]",0.0,"[129.359585408,69.6404145924]","[0.650048167877,0.349951832123]",0.0
37,test,0,"[21.0,0.0,0.0,8.66250038147,0.0,1.0,0.0,1.0]",0.0,"[134.689271632,64.3107283682]","[0.676830510713,0.323169489287]",0.0
38,test,0,"[25.0,0.0,0.0,9.5,0.0,0.0,0.0,0.0]",0.0,"[177.425153297,21.5748467032]","[0.891583684909,0.108416315091]",0.0
39,test,0,"[29.8811378479,0.0,0.0,56.4958000183,0.0,0.0,0.0,0.0]",0.0,"[127.599102517,71.4008974833]","[0.641201520184,0.358798479816]",0.0
40,test,0,"[39.0,0.0,1.0,13.4167003632,0.0,0.0,1.0,0.0]",0.0,"[171.558713074,27.4412869265]","[0.862104085797,0.137895914203]",0.0
41,test,0,"[29.8811378479,0.0,0.0,26.5499992371,1.0,0.0,0.0,0.0]",0.0,"[112.666448243,86.3335517566]","[0.5661630565,0.4338369435]",0.0
42,test,0,"[41.0,0.0,0.0,7.84999990463,0.0,0.0,0.0,0.0]",0.0,"[187.498958395,11.5010416046]","[0.942205821082,0.0577941789178]",0.0
43,test,0,"[30.0,0.0,0.0,13.0,2.0,1.0,0.0,2.0]",0.0,"[22.222736525,176.777263475]","[0.111672042839,0.888327957161]",1.0
44,test,0,"[45.0,1.0,0.0,52.5541992188,1.0,1.0,0.0,2.0]",0.0,"[5.975126039,193.024873961]","[0.03002575899,0.96997424101]",1.0
45,test,0,"[25.0,0.0,0.0,7.92500019073,0.0,0.0,0.0,0.0]",0.0,"[172.565953746,26.4340462536]","[0.867165596716,0.132834403284]",0.0
46,test,0,"[45.0,0.0,0.0,29.7000007629,1.0,0.0,1.0,0.0]",0.0,"[138.382304651,60.617695349]","[0.695388465583,0.304611534417]",0.0
47,test,0,"[29.8811378479,0.0,0.0,7.75,0.0,0.0,2.0,0.0]",0.0,"[178.690199563,20.3098004369]","[0.897940701322,0.102059298678]",0.0
48,test,0,"[60.0,0.0,0.0,76.2917022705,1.0,1.0,1.0,2.0]",0.0,"[5.18149407225,193.818505928]","[0.0260376586545,0.973962341345]",1.0
49,test,0,"[36.0,0.0,2.0,15.8999996185,0.0,1.0,0.0,2.0]",0.0,"[80.8589817345,118.141018265]","[0.406326541379,0.593673458621]",1.0
50,test,0,"[24.0,1.0,0.0,60.0,1.0,0.0,0.0,0.0]",0.0,"[131.077432274,67.9225677263]","[0.658680564189,0.341319435811]",0.0
51,test,0,"[27.0,0.0,0.0,15.0333003998,2.0,0.0,1.0,0.0]",0.0,"[178.981365478,20.0186345216]","[0.899403846625,0.100596153375]",0.0
52,test,0,"[20.0,2.0,1.0,23.0,2.0,1.0,0.0,1.0]",0.0,"[28.0415149219,170.958485078]","[0.140912135286,0.859087864714]",1.0
53,test,0,"[28.0,3.0,2.0,263.0,1.0,1.0,0.0,1.0]",0.0,"[59.8542371361,139.145762864]","[0.300775060985,0.699224939015]",1.0
54,test,0,"[29.8811378479,0.0,0.0,15.579199791,2.0,0.0,1.0,0.0]",0.0,"[182.109021881,16.8909781189]","[0.91512071297,0.0848792870297]",0.0
55,test,0,"[10.0,4.0,1.0,29.125,0.0,0.0,2.0,3.0]",0.0,"[177.362110837,21.6378891629]","[0.891266888629,0.108733111371]",0.0
56,test,0,"[35.0,0.0,0.0,7.89580011368,0.0,0.0,0.0,0.0]",0.0,"[185.940691077,13.0593089234]","[0.934375332043,0.0656246679566]",0.0
57,test,0,"[25.0,0.0,0.0,7.65000009537,0.0,0.0,0.0,0.0]",0.0,"[181.454230966,17.5457690338]","[0.911830306363,0.0881696936374]",0.0
58,test,0,"[29.8811378479,1.0,0.0,16.1000003815,0.0,0.0,0.0,0.0]",0.0,"[175.224186209,23.7758137911]","[0.880523548789,0.119476451211]",0.0
59,test,0,"[36.0,0.0,0.0,262.375,1.0,1.0,1.0,1.0]",0.0,"[2.22344842706,196.776551573]","[0.0111731076737,0.988826892326]",1.0
60,test,0,"[17.0,0.0,0.0,7.89580011368,0.0,0.0,0.0,0.0]",0.0,"[180.097333791,18.9026662093]","[0.905011727592,0.0949882724083]",0.0
61,test,0,"[32.0,0.0,0.0,13.5,2.0,0.0,0.0,0.0]",0.0,"[182.412003063,16.5879969373]","[0.916643231471,0.0833567685291]",0.0
62,test,0,"[18.0,0.0,0.0,7.75,0.0,0.0,0.0,0.0]",0.0,"[178.743553513,20.2564464875]","[0.898208811621,0.101791188379]",0.0
63,test,0,"[22.0,0.0,0.0,7.72499990463,0.0,1.0,2.0,1.0]",0.0,"[84.9642962878,114.035703712]","[0.426956262753,0.573043737247]",1.0
64,test,0,"[13.0,2.0,2.0,262.375,1.0,0.0,1.0,3.0]",0.0,"[60.7450236717,138.254976328]","[0.305251375235,0.694748624765]",1.0
65,test,0,"[29.8811378479,0.0,0.0,21.0,2.0,1.0,0.0,2.0]",0.0,"[22.4015126261,176.598487374]","[0.112570415207,0.887429584793]",1.0
66,test,0,"[18.0,0.0,0.0,7.87919998169,0.0,1.0,2.0,1.0]",0.0,"[91.232537527,107.767462473]","[0.458454962447,0.541545037553]",1.0
67,test,0,"[47.0,0.0,0.0,42.4000015259,1.0,0.0,0.0,0.0]",0.0,"[141.760815287,57.2391847128]","[0.712365905966,0.287634094034]",0.0
68,test,0,"[31.0,0.0,0.0,28.5375003815,1.0,0.0,1.0,0.0]",0.0,"[128.005909951,70.9940900491]","[0.643245778648,0.356754221352]",0.0
69,test,0,"[60.0,1.0,4.0,263.0,1.0,1.0,0.0,2.0]",0.0,"[24.4935352259,174.506464774]","[0.123083091587,0.876916908413]",1.0
70,test,0,"[24.0,0.0,0.0,7.75,0.0,1.0,2.0,1.0]",0.0,"[85.2841160917,113.715883908]","[0.428563397446,0.571436602554]",1.0
71,test,0,"[21.0,0.0,0.0,7.89580011368,0.0,0.0,0.0,0.0]",0.0,"[179.27772295,19.7222770502]","[0.90089308015,0.0991069198503]",0.0
72,test,0,"[29.0,0.0,0.0,7.92500019073,0.0,1.0,0.0,1.0]",0.0,"[124.024674262,74.9753257379]","[0.623239569156,0.376760430844]",0.0
73,test,0,"[28.5,0.0,0.0,27.7208003998,1.0,0.0,1.0,0.0]",0.0,"[116.275344306,82.7246556944]","[0.584298212591,0.415701787409]",0.0
74,test,0,"[35.0,0.0,0.0,211.5,1.0,1.0,1.0,1.0]",0.0,"[2.22344842706,196.776551573]","[0.0111731076737,0.988826892326]",1.0
75,test,0,"[32.5,0.0,0.0,211.5,1.0,0.0,1.0,0.0]",0.0,"[118.823265756,80.1767342436]","[0.597101837972,0.402898162028]",0.0
76,test,0,"[29.8811378479,0.0,0.0,8.05000019073,0.0,0.0,0.0,0.0]",0.0,"[177.610818737,21.3891812633]","[0.892516677069,0.107483322931]",0.0
77,test,0,"[55.0,2.0,0.0,25.7000007629,1.0,1.0,0.0,2.0]",0.0,"[31.8433738599,167.15662614]","[0.16001695407,0.83998304593]",1.0
78,test,0,"[30.0,0.0,0.0,13.0,2.0,0.0,0.0,0.0]",0.0,"[184.775504418,14.2244955816]","[0.928520122705,0.0714798772947]",0.0
79,test,0,"[24.0,0.0,0.0,7.75,0.0,1.0,2.0,1.0]",0.0,"[85.2841160917,113.715883908]","[0.428563397446,0.571436602554]",1.0
80,test,0,"[6.0,1.0,1.0,15.2458000183,0.0,0.0,1.0,3.0]",0.0,"[44.968952326,154.031047674]","[0.225974634804,0.774025365196]",1.0
81,test,0,"[67.0,1.0,0.0,221.779205322,1.0,0.0,0.0,0.0]",0.0,"[143.489530346,55.5104696545]","[0.721052916309,0.278947083691]",0.0
82,test,0,"[49.0,0.0,0.0,26.0,1.0,0.0,0.0,0.0]",0.0,"[165.321188147,33.6788118534]","[0.83075973943,0.16924026057]",0.0
83,test,0,"[29.8811378479,0.0,0.0,7.89580011368,0.0,0.0,0.0,0.0]",0.0,"[180.940638386,18.0593616145]","[0.909249439123,0.0907505608768]",0.0
84,test,0,"[29.8811378479,0.0,0.0,10.7082996368,2.0,0.0,2.0,0.0]",0.0,"[183.348926989,15.6510730113]","[0.921351391903,0.078648608097]",0.0
85,test,0,"[29.8811378479,1.0,0.0,14.454199791,0.0,0.0,1.0,0.0]",0.0,"[171.933875826,27.0661241743]","[0.863989325757,0.136010674243]",0.0
86,test,0,"[27.0,0.0,0.0,7.87919998169,0.0,1.0,2.0,1.0]",0.0,"[82.7300108205,116.269989179]","[0.415728697591,0.584271302409]",1.0
87,test,0,"[18.0,0.0,0.0,8.05000019073,0.0,1.0,0.0,1.0]",0.0,"[133.111904142,65.8880958585]","[0.668904040912,0.331095959088]",0.0
88,test,0,"[29.8811378479,0.0,0.0,7.75,0.0,1.0,2.0,9.0]",0.0,"[76.2013145596,122.79868544]","[0.382921178692,0.617078821308]",1.0
89,test,0,"[2.0,1.0,1.0,23.0,2.0,0.0,0.0,3.0]",0.0,"[30.1398053078,168.860194692]","[0.15145630808,0.84854369192]",1.0
90,test,0,"[22.0,1.0,0.0,13.8999996185,0.0,1.0,0.0,2.0]",0.0,"[95.2230361058,103.776963894]","[0.478507719124,0.521492280876]",1.0
91,test,0,"[29.8811378479,0.0,0.0,7.77500009537,0.0,0.0,0.0,0.0]",0.0,"[179.489582457,19.5104175427]","[0.90195770079,0.0980422992096]",0.0
92,test,0,"[27.0,1.0,2.0,52.0,1.0,1.0,0.0,2.0]",0.0,"[8.68188085363,190.318119146]","[0.043627541978,0.956372458022]",1.0
93,test,0,"[29.8811378479,0.0,0.0,8.05000019073,0.0,0.0,0.0,0.0]",0.0,"[177.610818737,21.3891812633]","[0.892516677069,0.107483322931]",0.0
94,test,0,"[25.0,0.0,0.0,26.0,1.0,0.0,1.0,0.0]",0.0,"[155.690098236,43.3099017643]","[0.782362302692,0.217637697308]",0.0
95,test,0,"[25.0,0.0,0.0,7.79580020905,0.0,0.0,0.0,0.0]",0.0,"[178.1852865,20.8147134998]","[0.89540344975,0.10459655025]",0.0
96,test,0,"[76.0,1.0,0.0,78.8499984741,1.0,1.0,0.0,2.0]",0.0,"[6.32888044512,192.671119555]","[0.0318034193222,0.968196580678]",1.0
97,test,0,"[29.0,0.0,0.0,7.92500019073,0.0,0.0,0.0,0.0]",0.0,"[170.629346688,28.3706533118]","[0.857433902956,0.142566097044]",0.0
98,test,0,"[20.0,0.0,0.0,7.85419988632,0.0,1.0,0.0,1.0]",0.0,"[123.460927683,75.5390723174]","[0.620406671772,0.379593328228]",0.0
99,test,0,"[33.0,0.0,0.0,8.05000019073,0.0,0.0,0.0,0.0]",0.0,"[182.178830827,16.8211691726]","[0.915471511696,0.0845284883043]",0.0
100,test,0,"[43.0,1.0,0.0,55.4416999817,1.0,1.0,1.0,2.0]",0.0,"[2.99306912991,196.00693087]","[0.0150405483915,0.984959451609]",1.0
101,test,0,"[27.0,1.0,0.0,26.0,2.0,0.0,0.0,0.0]",0.0,"[175.121041095,23.8789589053]","[0.880005231632,0.119994768368]",0.0
102,test,0,"[29.8811378479,0.0,0.0,7.75,0.0,0.0,2.0,0.0]",0.0,"[178.690199563,20.3098004369]","[0.897940701322,0.102059298678]",0.0
103,test,0,"[26.0,0.0,0.0,7.77500009537,0.0,0.0,0.0,0.0]",0.0,"[178.1852865,20.8147134998]","[0.89540344975,0.10459655025]",0.0
104,test,0,"[16.0,1.0,1.0,8.51669979095,0.0,1.0,1.0,2.0]",0.0,"[87.1983587729,111.801641227]","[0.438182707401,0.561817292599]",1.0
105,test,0,"[28.0,0.0,0.0,22.5249996185,0.0,0.0,0.0,0.0]",0.0,"[173.389962233,25.6100377672]","[0.871306342878,0.128693657122]",0.0
106,test,0,"[21.0,0.0,0.0,7.82079982758,0.0,0.0,2.0,0.0]",0.0,"[164.986452548,34.0135474521]","[0.829077650994,0.170922349006]",0.0
107,test,0,"[29.8811378479,0.0,0.0,7.75,0.0,0.0,2.0,0.0]",0.0,"[178.690199563,20.3098004369]","[0.897940701322,0.102059298678]",0.0
108,test,0,"[29.8811378479,0.0,0.0,8.71249961853,0.0,0.0,0.0,0.0]",0.0,"[178.509275312,20.4907246878]","[0.897031534232,0.102968465768]",0.0
109,test,0,"[18.5,0.0,0.0,13.0,2.0,0.0,0.0,0.0]",0.0,"[187.143148518,11.8568514816]","[0.940417831751,0.0595821682491]",0.0
110,test,0,"[41.0,0.0,0.0,15.045800209,2.0,0.0,1.0,0.0]",0.0,"[182.923191104,16.0768088958]","[0.919212015599,0.0807879844011]",0.0
111,test,0,"[29.8811378479,0.0,0.0,7.77920007706,0.0,1.0,2.0,1.0]",0.0,"[82.6890845793,116.310915421]","[0.415523038087,0.584476961913]",1.0
112,test,0,"[36.0,0.0,0.0,31.6791992188,1.0,1.0,1.0,1.0]",0.0,"[11.9243348515,187.075665149]","[0.0599212806607,0.940078719339]",1.0
113,test,0,"[18.5,0.0,0.0,7.28329992294,0.0,1.0,2.0,1.0]",0.0,"[85.3686093475,113.631390652]","[0.428987986671,0.571012013329]",1.0
114,test,0,"[63.0,1.0,0.0,221.779205322,1.0,1.0,0.0,2.0]",0.0,"[6.27715630719,192.722843693]","[0.0315434990311,0.968456500969]",1.0
115,test,0,"[18.0,1.0,0.0,14.454199791,0.0,0.0,1.0,0.0]",0.0,"[161.089811078,37.9101889217]","[0.809496538082,0.190503461918]",0.0
116,test,0,"[29.8811378479,0.0,0.0,6.4375,0.0,0.0,1.0,0.0]",0.0,"[182.763735384,16.2362646157]","[0.918410730574,0.0815892694256]",0.0
117,test,0,"[1.0,1.0,1.0,16.7000007629,0.0,1.0,0.0,1.0]",0.0,"[70.4965585233,128.503441477]","[0.354254062931,0.645745937069]",1.0
118,test,0,"[36.0,0.0,0.0,75.2416992188,1.0,0.0,1.0,0.0]",0.0,"[127.935225844,71.064774156]","[0.64289058213,0.35710941787]",0.0
119,test,0,"[29.0,1.0,0.0,26.0,2.0,1.0,0.0,2.0]",0.0,"[27.8911918061,171.108808194]","[0.140156742744,0.859843257256]",1.0
120,test,0,"[12.0,0.0,0.0,15.75,2.0,1.0,0.0,1.0]",0.0,"[21.0023783808,177.997621619]","[0.105539589853,0.894460410147]",1.0
121,test,0,"[29.8811378479,1.0,0.0,7.75,0.0,0.0,2.0,0.0]",0.0,"[178.474912608,20.5250873925]","[0.896858857324,0.103141142676]",0.0
122,test,0,"[35.0,1.0,0.0,57.75,1.0,1.0,1.0,2.0]",0.0,"[2.57043347038,196.42956653]","[0.0129167511074,0.987083248893]",1.0
123,test,0,"[28.0,0.0,0.0,7.25,0.0,0.0,0.0,0.0]",0.0,"[181.45008671,17.5499132903]","[0.911809480953,0.0881905190467]",0.0
124,test,0,"[29.8811378479,0.0,0.0,7.75,0.0,0.0,2.0,0.0]",0.0,"[178.690199563,20.3098004369]","[0.897940701322,0.102059298678]",0.0
125,test,0,"[17.0,0.0,1.0,16.1000003815,0.0,1.0,0.0,1.0]",0.0,"[91.3474542804,107.65254572]","[0.45903243357,0.54096756643]",1.0
126,test,0,"[22.0,0.0,0.0,7.79580020905,0.0,0.0,0.0,0.0]",0.0,"[177.992672,21.0073280002]","[0.894435537687,0.105564462313]",0.0
127,test,0,"[29.8811378479,2.0,0.0,23.25,0.0,1.0,2.0,1.0]",0.0,"[68.473279479,130.526720521]","[0.344086831553,0.655913168447]",1.0
128,test,0,"[42.0,0.0,0.0,13.0,2.0,0.0,0.0,0.0]",0.0,"[184.940372722,14.0596272785]","[0.929348606641,0.0706513933592]",0.0
129,test,0,"[24.0,0.0,0.0,8.05000019073,0.0,0.0,0.0,0.0]",0.0,"[176.803212745,22.1967872546]","[0.888458355504,0.111541644496]",0.0
130,test,0,"[32.0,0.0,0.0,8.05000019073,0.0,0.0,0.0,0.0]",0.0,"[169.365918957,29.6340810433]","[0.851085019883,0.148914980117]",0.0
131,test,0,"[53.0,0.0,0.0,28.5,1.0,0.0,1.0,6.0]",0.0,"[137.329691214,61.670308786]","[0.690098950824,0.309901049176]",0.0
132,test,0,"[29.8811378479,0.0,4.0,25.4666996002,0.0,1.0,0.0,2.0]",0.0,"[116.70472981,82.2952701905]","[0.586455928691,0.413544071309]",0.0
133,test,0,"[29.8811378479,1.0,0.0,6.4375,0.0,0.0,1.0,0.0]",0.0,"[181.104542715,17.8954572846]","[0.910073078972,0.089926921028]",0.0
134,test,0,"[43.0,0.0,0.0,7.89580011368,0.0,0.0,0.0,0.0]",0.0,"[187.420497024,11.5795029762]","[0.941811542833,0.058188457167]",0.0
135,test,0,"[24.0,0.0,0.0,7.85419988632,0.0,0.0,0.0,0.0]",0.0,"[179.240066774,19.7599332259]","[0.900703853136,0.0992961468636]",0.0
136,test,0,"[26.5,0.0,0.0,7.22499990463,0.0,0.0,1.0,0.0]",0.0,"[167.009926718,31.9900732824]","[0.839245862903,0.160754137097]",0.0
137,test,0,"[26.0,0.0,0.0,13.0,2.0,0.0,0.0,0.0]",0.0,"[185.131974637,13.8680253626]","[0.930311430339,0.0696885696613]",0.0
138,test,0,"[23.0,0.0,0.0,8.05000019073,0.0,1.0,0.0,1.0]",0.0,"[133.078231791,65.9217682091]","[0.66873483312,0.33126516688]",0.0
139,test,0,"[40.0,1.0,6.0,46.9000015259,0.0,0.0,0.0,0.0]",0.0,"[165.526248316,33.4737516838]","[0.831790192544,0.168209807456]",0.0
140,test,0,"[10.0,5.0,2.0,46.9000015259,0.0,1.0,0.0,1.0]",0.0,"[172.976772723,26.0232272766]","[0.869230013686,0.130769986314]",0.0
141,test,0,"[33.0,0.0,0.0,151.550003052,1.0,1.0,0.0,1.0]",0.0,"[3.40996710823,195.590032892]","[0.0171355131067,0.982864486893]",1.0
142,test,0,"[61.0,1.0,3.0,262.375,1.0,0.0,1.0,0.0]",0.0,"[160.75120065,38.24879935]","[0.807794978141,0.192205021859]",0.0
143,test,0,"[28.0,0.0,0.0,26.0,2.0,0.0,0.0,0.0]",0.0,"[177.408304894,21.5916951055]","[0.89149901957,0.10850098043]",0.0
144,test,0,"[42.0,0.0,0.0,26.5499992371,1.0,0.0,0.0,0.0]",0.0,"[116.995048809,82.0049511913]","[0.587914818134,0.412085181866]",0.0
145,test,0,"[31.0,3.0,0.0,18.0,0.0,0.0,0.0,0.0]",0.0,"[174.06036179,24.9396382103]","[0.874675184873,0.125324815127]",0.0
146,test,0,"[29.8811378479,0.0,0.0,51.8624992371,1.0,0.0,0.0,0.0]",0.0,"[131.605438332,67.3945616681]","[0.661333860964,0.338666139036]",0.0
147,test,0,"[22.0,0.0,0.0,8.05000019073,0.0,0.0,0.0,0.0]",0.0,"[177.094753056,21.9052469439]","[0.889923382191,0.110076617809]",0.0
148,test,0,"[29.8811378479,0.0,0.0,26.5499992371,1.0,0.0,0.0,0.0]",0.0,"[112.666448243,86.3335517566]","[0.5661630565,0.4338369435]",0.0
149,test,0,"[30.0,1.0,1.0,26.0,2.0,0.0,0.0,5.0]",0.0,"[146.304826516,52.6951734838]","[0.735200133247,0.264799866753]",0.0
150,test,0,"[23.0,0.0,1.0,83.1583023071,1.0,1.0,1.0,2.0]",0.0,"[3.76036125356,195.239638746]","[0.0188962877063,0.981103712294]",1.0
151,test,0,"[29.8811378479,0.0,0.0,7.89580011368,0.0,0.0,1.0,0.0]",0.0,"[178.019083267,20.980916733]","[0.894568257623,0.105431742377]",0.0
152,test,0,"[60.5,0.0,0.0,33.2954788208,0.0,0.0,0.0,0.0]",0.0,"[157.713640816,41.2863591841]","[0.792530858371,0.207469141629]",0.0
153,test,0,"[36.0,0.0,2.0,12.1833000183,0.0,1.0,0.0,2.0]",0.0,"[83.8826493124,115.117350688]","[0.421520850816,0.578479149184]",1.0
154,test,0,"[13.0,4.0,2.0,31.3875007629,0.0,0.0,0.0,3.0]",0.0,"[164.537951227,34.4620487726]","[0.826823875514,0.173176124486]",0.0
155,test,0,"[24.0,0.0,0.0,7.55000019073,0.0,0.0,0.0,0.0]",0.0,"[180.628355376,18.3716446242]","[0.907680177768,0.0923198222321]",0.0
156,test,0,"[29.0,0.0,0.0,221.779205322,1.0,1.0,0.0,1.0]",0.0,"[4.92536358977,194.07463641]","[0.0247505708029,0.975249429197]",1.0
157,test,0,"[23.0,0.0,0.0,7.85419988632,0.0,1.0,0.0,1.0]",0.0,"[121.122615114,77.8773848856]","[0.608656357359,0.391343642641]",0.0
158,test,0,"[42.0,0.0,0.0,26.5499992371,1.0,0.0,0.0,0.0]",0.0,"[116.995048809,82.0049511913]","[0.587914818134,0.412085181866]",0.0
159,test,0,"[26.0,0.0,2.0,13.7749996185,0.0,1.0,0.0,2.0]",0.0,"[86.5973819486,112.402618051]","[0.43516272336,0.56483727664]",1.0
160,test,0,"[29.8811378479,0.0,0.0,7.73330020905,0.0,1.0,2.0,1.0]",0.0,"[82.0852159349,116.914784065]","[0.412488522286,0.587511477714]",1.0
161,test,0,"[7.0,1.0,1.0,15.2458000183,0.0,0.0,1.0,3.0]",0.0,"[44.968952326,154.031047674]","[0.225974634804,0.774025365196]",1.0
162,test,0,"[26.0,0.0,0.0,13.5,2.0,1.0,0.0,1.0]",0.0,"[24.3431728513,174.656827149]","[0.122327501766,0.877672498234]",1.0
163,test,0,"[29.8811378479,0.0,0.0,7.0,0.0,0.0,0.0,0.0]",0.0,"[183.757134651,15.2428653489]","[0.923402686689,0.0765973133111]",0.0
164,test,0,"[41.0,0.0,0.0,13.0,2.0,0.0,0.0,5.0]",0.0,"[170.978007272,28.0219927276]","[0.859185966193,0.140814033807]",0.0
165,test,0,"[26.0,1.0,1.0,22.0249996185,0.0,1.0,0.0,2.0]",0.0,"[95.3759207292,103.624079271]","[0.479275983564,0.520724016436]",1.0
166,test,0,"[48.0,0.0,0.0,50.4958000183,1.0,0.0,1.0,0.0]",0.0,"[138.497735196,60.5022648037]","[0.695968518574,0.304031481426]",0.0
167,test,0,"[18.0,2.0,2.0,34.375,0.0,0.0,0.0,0.0]",0.0,"[177.24557695,21.7544230496]","[0.890681291208,0.109318708792]",0.0
168,test,0,"[29.8811378479,0.0,0.0,27.7208003998,1.0,1.0,1.0,2.0]",0.0,"[12.473534368,186.526465632]","[0.0626810772264,0.937318922774]",1.0
169,test,0,"[22.0,0.0,0.0,8.96249961853,0.0,1.0,0.0,1.0]",0.0,"[131.388549251,67.6114507488]","[0.660243966087,0.339756033913]",0.0
170,test,0,"[29.8811378479,0.0,0.0,7.55000019073,0.0,0.0,0.0,0.0]",0.0,"[182.829323383,16.1706766166]","[0.91874031851,0.0812596814903]",0.0
171,test,0,"[27.0,0.0,0.0,7.22499990463,0.0,0.0,1.0,0.0]",0.0,"[167.009926718,31.9900732824]","[0.839245862903,0.160754137097]",0.0
172,test,0,"[23.0,1.0,0.0,13.8999996185,0.0,0.0,0.0,0.0]",0.0,"[176.309992366,22.6900076345]","[0.885979861133,0.114020138867]",0.0
173,test,0,"[29.8811378479,0.0,0.0,7.22919988632,0.0,0.0,1.0,0.0]",0.0,"[180.618871127,18.3811288729]","[0.907632518227,0.0923674817734]",0.0
174,test,0,"[40.0,1.0,5.0,31.3875007629,0.0,0.0,0.0,0.0]",0.0,"[167.518378614,31.4816213856]","[0.84180089756,0.15819910244]",0.0
175,test,0,"[15.0,0.0,2.0,39.0,2.0,1.0,0.0,1.0]",0.0,"[10.1783670788,188.821632921]","[0.0511475732604,0.94885242674]",1.0
176,test,0,"[20.0,0.0,0.0,36.75,2.0,1.0,0.0,1.0]",0.0,"[14.9106545171,184.089345483]","[0.0749279121464,0.925072087854]",1.0
177,test,0,"[54.0,1.0,0.0,55.4416999817,1.0,0.0,1.0,0.0]",0.0,"[142.394016483,56.605983517]","[0.715547821523,0.284452178477]",0.0
178,test,0,"[36.0,0.0,3.0,39.0,2.0,1.0,0.0,2.0]",0.0,"[16.5580900203,182.44190998]","[0.0832064825139,0.916793517486]",1.0
179,test,0,"[64.0,0.0,2.0,83.1583023071,1.0,1.0,1.0,2.0]",0.0,"[8.13110157405,190.868898426]","[0.0408598069048,0.959140193095]",1.0
180,test,0,"[30.0,0.0,0.0,13.0,2.0,0.0,0.0,0.0]",0.0,"[184.775504418,14.2244955816]","[0.928520122705,0.0714798772947]",0.0
181,test,0,"[37.0,1.0,1.0,83.1583023071,1.0,0.0,1.0,0.0]",0.0,"[144.069584127,54.9304158728]","[0.723967759433,0.276032240567]",0.0
182,test,0,"[18.0,1.0,0.0,53.0999984741,1.0,1.0,0.0,2.0]",0.0,"[7.38776012624,191.612239874]","[0.0371244227449,0.962875577255]",1.0
183,test,0,"[29.8811378479,0.0,0.0,7.75,0.0,0.0,2.0,0.0]",0.0,"[178.690199563,20.3098004369]","[0.897940701322,0.102059298678]",0.0
184,test,0,"[27.0,1.0,1.0,247.520797729,1.0,1.0,1.0,2.0]",0.0,"[4.54578020363,194.454219796]","[0.0228431166011,0.977156883399]",1.0
185,test,0,"[40.0,0.0,0.0,16.0,2.0,0.0,0.0,0.0]",0.0,"[184.320936444,14.6790635562]","[0.926235861526,0.0737641384736]",0.0
186,test,0,"[21.0,0.0,1.0,21.0,2.0,1.0,0.0,1.0]",0.0,"[22.474892242,176.525107758]","[0.112939156995,0.887060843005]",1.0
187,test,0,"[17.0,2.0,0.0,8.05000019073,0.0,0.0,0.0,0.0]",0.0,"[175.653793055,23.3462069452]","[0.88268237716,0.11731762284]",0.0
188,test,0,"[29.8811378479,8.0,2.0,69.5500030518,0.0,1.0,0.0,1.0]",0.0,"[174.014727459,24.9852725415]","[0.874445866626,0.125554133374]",0.0
189,test,0,"[40.0,0.0,0.0,13.0,2.0,0.0,0.0,0.0]",0.0,"[184.791353114,14.2086468863]","[0.92859976439,0.0714002356097]",0.0
190,test,0,"[34.0,1.0,0.0,26.0,2.0,0.0,0.0,0.0]",0.0,"[173.839109075,25.1608909252]","[0.873563362185,0.126436637815]",0.0
191,test,0,"[29.8811378479,0.0,0.0,26.0,1.0,0.0,0.0,0.0]",0.0,"[160.39067383,38.6093261696]","[0.80598328558,0.19401671442]",0.0
192,test,0,"[11.5,1.0,1.0,14.5,0.0,0.0,0.0,3.0]",0.0,"[88.5107256497,110.48927435]","[0.444777515828,0.555222484172]",1.0
193,test,0,"[61.0,0.0,0.0,12.3500003815,2.0,0.0,2.0,0.0]",0.0,"[174.1234269,24.8765730997]","[0.874992094977,0.125007905023]",0.0
194,test,0,"[8.0,0.0,2.0,32.5,2.0,0.0,0.0,3.0]",0.0,"[30.0694050361,168.930594964]","[0.15110253787,0.84889746213]",1.0
195,test,0,"[33.0,0.0,0.0,7.85419988632,0.0,0.0,0.0,0.0]",0.0,"[185.665556907,13.3344430932]","[0.932992748276,0.0670072517245]",0.0
196,test,0,"[6.0,0.0,2.0,134.5,1.0,0.0,1.0,3.0]",0.0,"[36.3460110596,162.65398894]","[0.182643271656,0.817356728344]",1.0
197,test,0,"[18.0,0.0,0.0,7.77500009537,0.0,1.0,0.0,1.0]",0.0,"[124.31060128,74.6893987202]","[0.624676388341,0.375323611659]",0.0
198,test,0,"[23.0,0.0,0.0,10.5,2.0,0.0,0.0,0.0]",0.0,"[186.162313055,12.8376869453]","[0.935489010325,0.0645109896749]",0.0
199,test,0,"[29.8811378479,0.0,0.0,8.11250019073,0.0,1.0,0.0,2.0]",0.0,"[114.104984918,84.8950150816]","[0.573391884012,0.426608115988]",0.0
200,test,0,"[29.8811378479,0.0,0.0,15.5,0.0,1.0,2.0,1.0]",0.0,"[70.059864083,128.940135917]","[0.352059618508,0.647940381492]",1.0
201,test,0,"[0.330000013113,0.0,2.0,14.3999996185,0.0,0.0,0.0,3.0]",0.0,"[54.9276793646,144.072320635]","[0.276018489269,0.723981510731]",1.0
202,test,0,"[47.0,1.0,0.0,227.524993896,1.0,0.0,1.0,6.0]",0.0,"[100.34581137,98.6541886296]","[0.504250308394,0.495749691606]",0.0
203,test,0,"[8.0,1.0,1.0,26.0,2.0,1.0,0.0,1.0]",0.0,"[19.471444283,179.528555717]","[0.0978464536836,0.902153546316]",1.0
204,test,0,"[25.0,0.0,0.0,10.5,2.0,0.0,0.0,0.0]",0.0,"[184.662898106,14.3371018939]","[0.92795426184,0.0720457381603]",0.0
205,test,0,"[29.8811378479,0.0,0.0,25.7416992188,1.0,0.0,1.0,0.0]",0.0,"[165.900204918,33.099795082]","[0.833669371447,0.166330628553]",0.0
206,test,0,"[35.0,0.0,0.0,7.75,0.0,1.0,2.0,1.0]",0.0,"[101.020700078,97.9792999216]","[0.507641708937,0.492358291063]",0.0
207,test,0,"[24.0,0.0,0.0,10.5,2.0,0.0,0.0,0.0]",0.0,"[185.870772744,13.1292272561]","[0.934023983638,0.0659760163621]",0.0
208,test,0,"[33.0,0.0,0.0,27.7208003998,1.0,1.0,1.0,1.0]",0.0,"[12.0289936184,186.971006382]","[0.0604472041126,0.939552795887]",1.0
209,test,0,"[25.0,0.0,0.0,7.89580011368,0.0,0.0,0.0,0.0]",0.0,"[179.636342428,19.3636575716]","[0.902695188082,0.0973048119176]",0.0
210,test,0,"[32.0,0.0,0.0,22.5249996185,0.0,0.0,0.0,0.0]",0.0,"[166.87376397,32.1262360296]","[0.838561627992,0.161438372008]",0.0
211,test,0,"[29.8811378479,0.0,0.0,7.05000019073,0.0,0.0,0.0,0.0]",0.0,"[183.193482227,15.8065177727]","[0.920570262449,0.0794297375513]",0.0
212,test,0,"[17.0,0.0,0.0,73.5,2.0,0.0,0.0,0.0]",0.0,"[162.811240958,36.1887590421]","[0.818146939487,0.181853060513]",0.0
213,test,0,"[60.0,1.0,0.0,26.0,2.0,1.0,0.0,2.0]",0.0,"[38.5783612958,160.421638704]","[0.193861112039,0.806138887961]",1.0
214,test,0,"[38.0,4.0,2.0,7.77500009537,0.0,1.0,0.0,1.0]",0.0,"[111.085467092,87.914532908]","[0.558218427598,0.441781572402]",0.0
215,test,0,"[42.0,0.0,0.0,42.5,1.0,0.0,0.0,0.0]",0.0,"[137.913191375,61.0868086255]","[0.693031112435,0.306968887565]",0.0
216,test,0,"[29.8811378479,0.0,0.0,7.87919998169,0.0,1.0,2.0,1.0]",0.0,"[82.6849683929,116.315031607]","[0.415502353733,0.584497646267]",1.0
217,test,0,"[57.0,1.0,1.0,164.866699219,1.0,0.0,0.0,0.0]",0.0,"[161.141419387,37.8585806128]","[0.809755876318,0.190244123682]",0.0
218,test,0,"[50.0,1.0,1.0,211.5,1.0,1.0,1.0,2.0]",0.0,"[2.56786741603,196.432132584]","[0.0129038563619,0.987096143638]",1.0
219,test,0,"[29.8811378479,0.0,0.0,8.05000019073,0.0,0.0,0.0,0.0]",0.0,"[177.610818737,21.3891812633]","[0.892516677069,0.107483322931]",0.0
220,test,0,"[30.0,1.0,0.0,13.858300209,2.0,1.0,1.0,1.0]",0.0,"[23.9815657622,175.018434238]","[0.120510380715,0.879489619285]",1.0
221,test,0,"[21.0,0.0,0.0,8.05000019073,0.0,0.0,0.0,0.0]",0.0,"[176.510239383,22.4897606165]","[0.886986127555,0.113013872445]",0.0
222,test,0,"[22.0,0.0,0.0,10.5,2.0,1.0,0.0,2.0]",0.0,"[34.8869529434,164.113047057]","[0.175311321324,0.824688678676]",1.0
223,test,0,"[21.0,0.0,0.0,7.79580020905,0.0,0.0,0.0,0.0]",0.0,"[177.408158327,21.5918416728]","[0.891498283051,0.108501716949]",0.0
224,test,0,"[53.0,0.0,0.0,27.4458007812,1.0,1.0,1.0,2.0]",0.0,"[21.5003490789,177.499650921]","[0.10804195517,0.89195804483]",1.0
225,test,0,"[29.8811378479,0.0,2.0,15.2458000183,0.0,1.0,1.0,2.0]",0.0,"[71.4089537885,127.591046212]","[0.358838963761,0.641161036239]",1.0
226,test,0,"[23.0,0.0,0.0,7.79580020905,0.0,0.0,0.0,0.0]",0.0,"[177.992672,21.0073280002]","[0.894435537687,0.105564462313]",0.0
227,test,0,"[29.8811378479,0.0,0.0,7.75,0.0,1.0,2.0,1.0]",0.0,"[82.1569580401,116.84304196]","[0.412849035377,0.587150964623]",1.0
228,test,0,"[40.5,0.0,0.0,15.1000003815,0.0,0.0,0.0,0.0]",0.0,"[181.148476108,17.8515238915]","[0.910293849791,0.0897061502088]",0.0
229,test,0,"[36.0,0.0,0.0,13.0,2.0,0.0,0.0,0.0]",0.0,"[183.454701512,15.545298488]","[0.921882922171,0.0781170778291]",0.0
230,test,0,"[14.0,0.0,0.0,65.0,2.0,0.0,0.0,0.0]",0.0,"[147.387728591,51.6122714085]","[0.740641852219,0.259358147781]",0.0
231,test,0,"[21.0,0.0,0.0,26.5499992371,1.0,1.0,0.0,1.0]",0.0,"[14.9838299094,184.016170091]","[0.0752956276852,0.924704372315]",1.0
232,test,0,"[21.0,1.0,0.0,6.49580001831,0.0,0.0,0.0,0.0]",0.0,"[180.45434514,18.5456548604]","[0.90680575447,0.0931942455296]",0.0
233,test,0,"[29.8811378479,0.0,0.0,7.87919998169,0.0,0.0,2.0,0.0]",0.0,"[179.227118549,19.7728814507]","[0.90063878668,0.0993612133203]",0.0
234,test,0,"[39.0,1.0,0.0,71.2833023071,1.0,0.0,1.0,0.0]",0.0,"[122.583578951,76.4164210494]","[0.615997884174,0.384002115826]",0.0
235,test,0,"[20.0,0.0,0.0,7.85419988632,0.0,0.0,0.0,0.0]",0.0,"[178.947093412,20.0529065877]","[0.899231625187,0.100768374813]",0.0
236,test,0,"[64.0,1.0,0.0,75.25,1.0,0.0,1.0,0.0]",0.0,"[142.939118603,56.0608813969]","[0.718287028156,0.281712971844]",0.0
237,test,0,"[20.0,0.0,0.0,7.22499990463,0.0,0.0,1.0,0.0]",0.0,"[167.590489759,31.4095102412]","[0.84216326512,0.15783673488]",0.0
238,test,0,"[18.0,1.0,1.0,13.0,2.0,1.0,0.0,1.0]",0.0,"[25.4196129246,173.580387075]","[0.127736748365,0.872263251635]",1.0
239,test,0,"[48.0,1.0,0.0,106.425003052,1.0,1.0,1.0,2.0]",0.0,"[2.73083969268,196.269160307]","[0.013722812526,0.986277187474]",1.0
240,test,0,"[55.0,0.0,0.0,27.7208003998,1.0,1.0,1.0,2.0]",0.0,"[21.5003490789,177.499650921]","[0.10804195517,0.89195804483]",1.0
241,test,0,"[45.0,0.0,2.0,30.0,2.0,1.0,0.0,2.0]",0.0,"[19.2723393267,179.727660673]","[0.0968459262651,0.903154073735]",1.0
242,test,0,"[45.0,1.0,1.0,134.5,1.0,0.0,1.0,0.0]",0.0,"[141.080572129,57.9194278712]","[0.708947598637,0.291052401363]",0.0
243,test,0,"[29.8811378479,0.0,0.0,7.88749980927,0.0,0.0,0.0,0.0]",0.0,"[180.940638386,18.0593616145]","[0.909249439123,0.0907505608768]",0.0
244,test,0,"[29.8811378479,1.0,2.0,23.4500007629,0.0,0.0,0.0,3.0]",0.0,"[122.900625598,76.0993744018]","[0.617591083408,0.382408916592]",0.0
245,test,0,"[41.0,1.0,0.0,51.8624992371,1.0,0.0,0.0,0.0]",0.0,"[132.968182521,66.0318174789]","[0.668181821714,0.331818178286]",0.0
246,test,0,"[22.0,0.0,0.0,21.0,2.0,1.0,0.0,2.0]",0.0,"[23.5917969479,175.408203052]","[0.118551743457,0.881448256543]",1.0
247,test,0,"[42.0,1.0,1.0,32.5,2.0,0.0,0.0,0.0]",0.0,"[169.967621345,29.0323786554]","[0.854108649973,0.145891350027]",0.0
248,test,0,"[29.0,1.0,0.0,26.0,2.0,1.0,0.0,2.0]",0.0,"[27.8911918061,171.108808194]","[0.140156742744,0.859843257256]",1.0
249,test,0,"[29.8811378479,1.0,0.0,14.454199791,0.0,1.0,1.0,2.0]",0.0,"[80.0482697289,118.951730271]","[0.402252611703,0.597747388297]",1.0
250,test,0,"[0.920000016689,1.0,2.0,27.75,2.0,1.0,0.0,1.0]",0.0,"[12.7028445696,186.29715543]","[0.063833389797,0.936166610203]",1.0
251,test,0,"[20.0,0.0,0.0,7.92500019073,0.0,0.0,0.0,0.0]",0.0,"[172.501877361,26.498122639]","[0.866843604829,0.133156395171]",0.0
252,test,0,"[27.0,1.0,0.0,136.779205322,1.0,0.0,1.0,0.0]",0.0,"[118.292391716,80.7076082841]","[0.594434129226,0.405565870774]",0.0
253,test,0,"[24.0,0.0,0.0,9.32499980927,0.0,0.0,0.0,0.0]",0.0,"[177.654050273,21.3459497267]","[0.892733920971,0.107266079029]",0.0
254,test,0,"[32.5,0.0,0.0,9.5,0.0,0.0,0.0,0.0]",0.0,"[182.910769732,16.0892302679]","[0.919149596644,0.0808504033564]",0.0
255,test,0,"[29.8811378479,0.0,0.0,7.55000019073,0.0,0.0,0.0,0.0]",0.0,"[182.829323383,16.1706766166]","[0.91874031851,0.0812596814903]",0.0
256,test,0,"[29.8811378479,0.0,0.0,7.75,0.0,0.0,2.0,0.0]",0.0,"[178.690199563,20.3098004369]","[0.897940701322,0.102059298678]",0.0
257,test,0,"[28.0,0.0,0.0,8.05000019073,0.0,0.0,0.0,0.0]",0.0,"[176.31394823,22.68605177]","[0.885999739849,0.114000260151]",0.0
258,test,0,"[19.0,0.0,0.0,13.0,2.0,1.0,0.0,1.0]",0.0,"[23.9331021815,175.066897819]","[0.120266845133,0.879733154867]",1.0
259,test,0,"[21.0,0.0,0.0,7.77500009537,0.0,0.0,0.0,0.0]",0.0,"[177.408158327,21.5918416728]","[0.891498283051,0.108501716949]",0.0
260,test,0,"[36.5,1.0,0.0,17.3999996185,0.0,0.0,0.0,0.0]",0.0,"[180.063120074,18.9368799257]","[0.904839799368,0.0951602006316]",0.0
261,test,0,"[21.0,0.0,0.0,7.85419988632,0.0,0.0,0.0,0.0]",0.0,"[178.947093412,20.0529065877]","[0.899231625187,0.100768374813]",0.0
262,test,0,"[29.0,0.0,2.0,23.0,2.0,1.0,0.0,2.0]",0.0,"[21.695412663,177.304587337]","[0.109022174186,0.890977825814]",1.0
263,test,0,"[1.0,1.0,1.0,12.1833000183,0.0,1.0,0.0,1.0]",0.0,"[70.1938187691,128.806181231]","[0.352732757634,0.647267242366]",1.0
264,test,0,"[30.0,0.0,0.0,12.7375001907,2.0,0.0,1.0,0.0]",0.0,"[183.214933403,15.7850665971]","[0.920678057301,0.0793219426991]",0.0
265,test,0,"[29.8811378479,0.0,0.0,7.89580011368,0.0,0.0,0.0,0.0]",0.0,"[180.940638386,18.0593616145]","[0.909249439123,0.0907505608768]",0.0
266,test,0,"[29.8811378479,0.0,0.0,0.0,1.0,0.0,0.0,0.0]",0.0,"[178.611275683,20.3887243172]","[0.897544098909,0.102455901091]",0.0
267,test,0,"[29.8811378479,0.0,0.0,7.55000019073,0.0,0.0,0.0,0.0]",0.0,"[182.829323383,16.1706766166]","[0.91874031851,0.0812596814903]",0.0
268,test,0,"[29.8811378479,0.0,0.0,8.05000019073,0.0,1.0,0.0,1.0]",0.0,"[129.359585408,69.6404145924]","[0.650048167877,0.349951832123]",0.0
269,test,0,"[17.0,0.0,0.0,8.66250038147,0.0,0.0,0.0,0.0]",0.0,"[175.893358386,23.1066416137]","[0.883886223047,0.116113776953]",0.0
270,test,0,"[46.0,0.0,0.0,75.2416992188,1.0,0.0,1.0,0.0]",0.0,"[133.559507767,65.4404922326]","[0.671153305364,0.328846694636]",0.0
271,test,0,"[29.8811378479,0.0,0.0,7.75,0.0,0.0,2.0,0.0]",0.0,"[178.690199563,20.3098004369]","[0.897940701322,0.102059298678]",0.0
272,test,0,"[26.0,1.0,0.0,136.779205322,1.0,1.0,1.0,2.0]",0.0,"[4.27117800679,194.728821993]","[0.0214632060643,0.978536793936]",1.0
273,test,0,"[29.8811378479,1.0,0.0,15.5,0.0,1.0,2.0,1.0]",0.0,"[69.3642672436,129.635732756]","[0.348564157003,0.651435842997]",1.0
274,test,0,"[29.8811378479,0.0,0.0,7.22499990463,0.0,0.0,1.0,0.0]",0.0,"[182.033860738,16.9661392617]","[0.914743018785,0.0852569812146]",0.0
275,test,0,"[20.0,1.0,0.0,26.0,2.0,1.0,0.0,1.0]",0.0,"[26.4959492406,172.504050759]","[0.133145473571,0.866854526429]",1.0
276,test,0,"[28.0,0.0,0.0,10.5,2.0,0.0,0.0,0.0]",0.0,"[184.105455559,14.8945444406]","[0.925153043012,0.074846956988]",0.0
277,test,0,"[40.0,1.0,0.0,26.0,2.0,0.0,0.0,0.0]",0.0,"[177.625425989,21.3745740111]","[0.892590080346,0.107409919654]",0.0
278,test,0,"[30.0,1.0,0.0,21.0,2.0,0.0,0.0,0.0]",0.0,"[181.145287152,17.854712848]","[0.910277824884,0.0897221751155]",0.0
279,test,0,"[22.0,0.0,0.0,10.5,2.0,0.0,0.0,0.0]",0.0,"[186.44066357,12.5593364298]","[0.936887756634,0.063112243366]",0.0
280,test,0,"[23.0,0.0,0.0,8.66250038147,0.0,1.0,0.0,1.0]",0.0,"[133.078231791,65.9217682091]","[0.66873483312,0.33126516688]",0.0
281,test,0,"[0.75,1.0,1.0,13.7749996185,0.0,0.0,0.0,3.0]",0.0,"[60.4431176577,138.556882342]","[0.303734259586,0.696265740414]",1.0
282,test,0,"[29.8811378479,0.0,0.0,7.75,0.0,1.0,2.0,1.0]",0.0,"[82.1569580401,116.84304196]","[0.412849035377,0.587150964623]",1.0
283,test,0,"[9.0,1.0,1.0,15.2458000183,0.0,1.0,1.0,1.0]",0.0,"[72.3149123317,126.685087668]","[0.363391519255,0.636608480745]",1.0
284,test,0,"[2.0,1.0,1.0,20.2124996185,0.0,1.0,0.0,1.0]",0.0,"[77.0162325034,121.983767497]","[0.387016243736,0.612983756264]",1.0
285,test,0,"[36.0,0.0,0.0,7.25,0.0,0.0,0.0,0.0]",0.0,"[187.707087958,11.292912042]","[0.943251698281,0.0567483017185]",0.0
286,test,0,"[29.8811378479,0.0,0.0,7.25,0.0,0.0,0.0,0.0]",0.0,"[182.832336079,16.1676639211]","[0.918755457683,0.081244542317]",0.0
287,test,0,"[24.0,1.0,0.0,82.2667007446,1.0,0.0,0.0,0.0]",0.0,"[134.047460162,64.9525398376]","[0.673605327449,0.326394672551]",0.0
288,test,0,"[29.8811378479,0.0,0.0,7.22919988632,0.0,0.0,1.0,0.0]",0.0,"[180.618871127,18.3811288729]","[0.907632518227,0.0923674817734]",0.0
289,test,0,"[29.8811378479,0.0,0.0,8.05000019073,0.0,0.0,0.0,0.0]",0.0,"[177.610818737,21.3891812633]","[0.892516677069,0.107483322931]",0.0
290,test,0,"[29.8811378479,0.0,0.0,39.5999984741,1.0,0.0,0.0,0.0]",0.0,"[132.699613412,66.3003865881]","[0.666832228201,0.333167771799]",0.0
291,test,0,"[30.0,0.0,0.0,6.94999980927,0.0,1.0,2.0,1.0]",0.0,"[97.2844234392,101.715576561]","[0.488866449443,0.511133550557]",1.0
292,test,0,"[29.8811378479,0.0,0.0,7.22919988632,0.0,0.0,1.0,0.0]",0.0,"[180.618871127,18.3811288729]","[0.907632518227,0.0923674817734]",0.0
293,test,0,"[53.0,1.0,1.0,81.8582992554,1.0,0.0,0.0,4.0]",0.0,"[124.469274586,74.5307254143]","[0.625473741637,0.374526258363]",0.0
294,test,0,"[36.0,0.0,0.0,9.5,0.0,0.0,0.0,0.0]",0.0,"[184.39061731,14.6093826899]","[0.926586016633,0.0734139833665]",0.0
295,test,0,"[26.0,0.0,0.0,7.89580011368,0.0,0.0,0.0,0.0]",0.0,"[179.636342428,19.3636575716]","[0.902695188082,0.0973048119176]",0.0
296,test,0,"[1.0,1.0,2.0,41.5792007446,2.0,1.0,1.0,1.0]",0.0,"[9.22783643132,189.772163569]","[0.0463710373433,0.953628962657]",1.0
297,test,0,"[29.8811378479,2.0,0.0,21.6791992188,0.0,0.0,1.0,0.0]",0.0,"[163.576154314,35.4238456858]","[0.821990725197,0.178009274803]",0.0
298,test,0,"[30.0,0.0,0.0,45.5,1.0,0.0,0.0,0.0]",0.0,"[132.408678641,66.5913213592]","[0.665370244426,0.334629755574]",0.0
299,test,0,"[29.0,0.0,0.0,7.85419988632,0.0,0.0,0.0,0.0]",0.0,"[177.500237908,21.4997620918]","[0.891960994514,0.108039005486]",0.0
300,test,0,"[32.0,0.0,0.0,7.77500009537,0.0,0.0,0.0,0.0]",0.0,"[174.289791948,24.7102080517]","[0.875828100243,0.124171899757]",0.0
301,test,0,"[29.8811378479,0.0,0.0,15.045800209,2.0,0.0,1.0,0.0]",0.0,"[182.109021881,16.8909781189]","[0.91512071297,0.0848792870297]",0.0
302,test,0,"[43.0,0.0,1.0,21.0,2.0,0.0,0.0,0.0]",0.0,"[180.942068469,18.0579315308]","[0.909256625473,0.0907433745266]",0.0
303,test,0,"[24.0,0.0,0.0,8.66250038147,0.0,0.0,0.0,0.0]",0.0,"[176.841704004,22.1582959961]","[0.888651778914,0.111348221086]",0.0
304,test,0,"[29.8811378479,0.0,0.0,7.75,0.0,1.0,2.0,1.0]",0.0,"[82.1569580401,116.84304196]","[0.412849035377,0.587150964623]",1.0
305,test,0,"[64.0,1.0,1.0,26.5499992371,1.0,1.0,0.0,2.0]",0.0,"[23.9640827835,175.035917216]","[0.12042252655,0.87957747345]",1.0
306,test,0,"[30.0,1.0,2.0,151.550003052,1.0,0.0,0.0,0.0]",0.0,"[133.590957591,65.4090424085]","[0.671311344681,0.328688655319]",0.0
307,test,0,"[0.829999983311,0.0,1.0,9.35000038147,0.0,0.0,0.0,3.0]",0.0,"[59.5354920372,139.464507963]","[0.29917332682,0.70082667318]",1.0
308,test,0,"[55.0,1.0,1.0,93.5,1.0,0.0,0.0,0.0]",0.0,"[160.298436931,38.701563069]","[0.805519783573,0.194480216427]",0.0
309,test,0,"[45.0,1.0,0.0,14.108300209,0.0,1.0,0.0,2.0]",0.0,"[101.348326584,97.6516734158]","[0.509288073288,0.490711926712]",0.0
310,test,0,"[18.0,0.0,0.0,8.66250038147,0.0,0.0,0.0,0.0]",0.0,"[176.33340475,22.6665952503]","[0.886097511305,0.113902488695]",0.0
311,test,0,"[22.0,0.0,0.0,7.22499990463,0.0,0.0,1.0,0.0]",0.0,"[171.233386493,27.7666135072]","[0.860469278858,0.139530721142]",0.0
312,test,0,"[29.8811378479,0.0,0.0,7.57499980927,0.0,0.0,0.0,0.0]",0.0,"[182.829323383,16.1706766166]","[0.91874031851,0.0812596814903]",0.0
313,test,0,"[37.0,0.0,0.0,7.75,0.0,1.0,2.0,1.0]",0.0,"[106.666717883,92.3332821173]","[0.536013657702,0.463986342298]",0.0
314,test,0,"[55.0,0.0,0.0,135.633300781,1.0,1.0,1.0,2.0]",0.0,"[4.03593130169,194.964068698]","[0.0202810618175,0.979718938182]",1.0
315,test,0,"[17.0,0.0,0.0,7.73330020905,0.0,1.0,2.0,1.0]",0.0,"[75.4974033197,123.50259668]","[0.37938393628,0.62061606372]",1.0
316,test,0,"[57.0,1.0,0.0,146.520797729,1.0,0.0,1.0,0.0]",0.0,"[136.342451303,62.6575486968]","[0.685137946247,0.314862053753]",0.0
317,test,0,"[19.0,0.0,0.0,10.5,2.0,0.0,0.0,0.0]",0.0,"[186.182296158,12.817703842]","[0.93558942793,0.0644105720702]",0.0
318,test,0,"[27.0,0.0,0.0,7.85419988632,0.0,0.0,0.0,0.0]",0.0,"[175.414649273,23.5853507269]","[0.881480649614,0.118519350386]",0.0
319,test,0,"[22.0,2.0,0.0,31.5,2.0,0.0,0.0,0.0]",0.0,"[168.331149739,30.6688502614]","[0.845885174566,0.154114825434]",0.0
320,test,0,"[26.0,0.0,0.0,7.77500009537,0.0,0.0,0.0,0.0]",0.0,"[178.1852865,20.8147134998]","[0.89540344975,0.10459655025]",0.0
321,test,0,"[25.0,0.0,0.0,7.22919988632,0.0,0.0,1.0,0.0]",0.0,"[170.457092345,28.5429076546]","[0.856568303243,0.143431696757]",0.0
322,test,0,"[26.0,0.0,0.0,13.0,2.0,0.0,0.0,0.0]",0.0,"[185.131974637,13.8680253626]","[0.930311430339,0.0696885696613]",0.0
323,test,0,"[33.0,0.0,0.0,26.5499992371,1.0,0.0,0.0,0.0]",0.0,"[111.326908815,87.6730911847]","[0.559431702589,0.440568297411]",0.0
324,test,0,"[39.0,0.0,0.0,211.337493896,1.0,1.0,0.0,1.0]",0.0,"[3.40996710823,195.590032892]","[0.0171355131067,0.982864486893]",1.0
325,test,0,"[23.0,0.0,0.0,7.05000019073,0.0,0.0,0.0,0.0]",0.0,"[181.037133597,17.9628664031]","[0.909734339683,0.0902656603169]",0.0
326,test,0,"[12.0,2.0,1.0,39.0,2.0,1.0,0.0,1.0]",0.0,"[14.4057783475,184.594221652]","[0.0723908459673,0.927609154033]",1.0
327,test,0,"[46.0,0.0,0.0,79.1999969482,1.0,0.0,1.0,0.0]",0.0,"[134.958317523,64.0416824768]","[0.678182500117,0.321817499883]",0.0
328,test,0,"[29.0,1.0,0.0,26.0,2.0,0.0,0.0,0.0]",0.0,"[174.725996883,24.2740031173]","[0.878020084838,0.121979915162]",0.0
329,test,0,"[21.0,0.0,0.0,13.0,2.0,0.0,0.0,0.0]",0.0,"[186.67204785,12.32795215]","[0.938050491709,0.0619495082912]",0.0
330,test,0,"[48.0,0.0,2.0,36.75,2.0,1.0,0.0,2.0]",0.0,"[19.2723393267,179.727660673]","[0.0968459262651,0.903154073735]",1.0
331,test,0,"[39.0,0.0,0.0,29.7000007629,1.0,0.0,1.0,0.0]",0.0,"[133.245902061,65.7540979389]","[0.669577397292,0.330422602708]",0.0
332,test,0,"[29.8811378479,0.0,0.0,7.22499990463,0.0,0.0,1.0,0.0]",0.0,"[182.033860738,16.9661392617]","[0.914743018785,0.0852569812146]",0.0
333,test,0,"[19.0,1.0,1.0,15.7417001724,0.0,1.0,1.0,2.0]",0.0,"[78.7725428049,120.227457195]","[0.395841923643,0.604158076357]",1.0
334,test,0,"[27.0,0.0,0.0,7.89580011368,0.0,0.0,0.0,0.0]",0.0,"[175.745278811,23.2547211894]","[0.883142104576,0.116857895424]",0.0
335,test,0,"[30.0,0.0,0.0,26.0,1.0,0.0,0.0,0.0]",0.0,"[160.14850949,38.8514905104]","[0.804766379345,0.195233620655]",0.0
336,test,0,"[32.0,0.0,0.0,13.0,2.0,0.0,0.0,0.0]",0.0,"[181.410608614,17.5893913863]","[0.911611098561,0.0883889014386]",0.0
337,test,0,"[39.0,0.0,2.0,7.22919988632,0.0,0.0,1.0,0.0]",0.0,"[178.472928209,20.5270717911]","[0.896848885472,0.103151114528]",0.0
338,test,0,"[25.0,0.0,0.0,31.5,2.0,0.0,0.0,0.0]",0.0,"[155.8722407,43.1277593004]","[0.783277591455,0.216722408545]",0.0
339,test,0,"[29.8811378479,0.0,0.0,7.22919988632,0.0,0.0,1.0,3.0]",0.0,"[119.013013138,79.9869868618]","[0.598055342403,0.401944657597]",0.0
340,test,0,"[18.0,0.0,0.0,10.5,2.0,0.0,0.0,0.0]",0.0,"[186.315572898,12.6844271017]","[0.936259160293,0.0637408397072]",0.0
341,test,0,"[32.0,0.0,0.0,7.57919979095,0.0,0.0,0.0,0.0]",0.0,"[176.936776651,22.0632233487]","[0.889129530911,0.110870469089]",0.0
342,test,0,"[29.8811378479,1.0,9.0,69.5500030518,0.0,0.0,0.0,0.0]",0.0,"[155.313396654,43.6866033461]","[0.780469329919,0.219530670081]",0.0
343,test,0,"[58.0,0.0,1.0,512.329223633,1.0,1.0,1.0,2.0]",0.0,"[4.98196523622,194.018034764]","[0.025035001187,0.974964998813]",1.0
344,test,0,"[29.8811378479,1.0,1.0,14.5,0.0,0.0,0.0,3.0]",0.0,"[106.343771429,92.6562285707]","[0.534390811202,0.465609188798]",0.0
345,test,0,"[16.0,0.0,0.0,7.65000009537,0.0,1.0,0.0,1.0]",0.0,"[107.468760255,91.5312397453]","[0.540044021381,0.459955978619]",0.0
346,test,0,"[26.0,0.0,0.0,13.0,2.0,0.0,0.0,0.0]",0.0,"[185.131974637,13.8680253626]","[0.930311430339,0.0696885696613]",0.0
347,test,0,"[38.0,0.0,0.0,7.22919988632,0.0,1.0,1.0,2.0]",0.0,"[104.09307232,94.9069276798]","[0.523080765428,0.476919234572]",0.0
348,test,0,"[24.0,0.0,0.0,13.5,2.0,0.0,0.0,0.0]",0.0,"[186.79061663,12.2093833701]","[0.938646314723,0.0613536852769]",0.0
349,test,0,"[31.0,0.0,0.0,21.0,2.0,1.0,0.0,1.0]",0.0,"[21.9160061125,177.083993888]","[0.110130683982,0.889869316018]",1.0
350,test,0,"[45.0,0.0,1.0,63.3582992554,1.0,1.0,1.0,2.0]",0.0,"[3.25350200426,195.746497996]","[0.0163492563028,0.983650743697]",1.0
351,test,0,"[25.0,0.0,0.0,10.5,2.0,0.0,0.0,0.0]",0.0,"[184.662898106,14.3371018939]","[0.92795426184,0.0720457381603]",0.0
352,test,0,"[18.0,0.0,0.0,73.5,2.0,0.0,0.0,0.0]",0.0,"[162.658667428,36.3413325715]","[0.817380238334,0.182619761666]",0.0
353,test,0,"[49.0,1.0,2.0,65.0,2.0,0.0,0.0,0.0]",0.0,"[163.94900691,35.05099309]","[0.823864356331,0.176135643669]",0.0
354,test,0,"[0.170000001788,1.0,2.0,20.5750007629,0.0,1.0,0.0,1.0]",0.0,"[76.8673602074,122.132639793]","[0.386268141746,0.613731858254]",1.0
355,test,0,"[50.0,0.0,0.0,26.0,1.0,0.0,0.0,0.0]",0.0,"[165.321188147,33.6788118534]","[0.83075973943,0.16924026057]",0.0
356,test,0,"[59.0,2.0,0.0,51.4791984558,1.0,1.0,0.0,2.0]",0.0,"[7.94836036451,191.051639635]","[0.0399415093694,0.960058490631]",1.0
357,test,0,"[29.8811378479,0.0,0.0,7.87919998169,0.0,0.0,0.0,0.0]",0.0,"[180.610008848,18.389991152]","[0.907587984161,0.0924120158391]",0.0
358,test,0,"[29.8811378479,0.0,0.0,7.75,0.0,0.0,2.0,0.0]",0.0,"[178.690199563,20.3098004369]","[0.897940701322,0.102059298678]",0.0
359,test,0,"[30.0,1.0,0.0,15.5500001907,0.0,1.0,0.0,2.0]",0.0,"[89.3618674209,109.638132579]","[0.449054610155,0.550945389845]",1.0
360,test,0,"[14.5,8.0,2.0,69.5500030518,0.0,0.0,0.0,3.0]",0.0,"[174.462332858,24.5376671416]","[0.876695139992,0.123304860008]",0.0
361,test,0,"[24.0,1.0,1.0,37.0041999817,2.0,1.0,1.0,2.0]",0.0,"[12.7567174169,186.243282583]","[0.0641041076227,0.935895892377]",1.0
362,test,0,"[31.0,0.0,0.0,21.0,2.0,1.0,0.0,2.0]",0.0,"[21.5113763224,177.488623678]","[0.108097368454,0.891902631546]",1.0
363,test,0,"[27.0,0.0,0.0,8.66250038147,0.0,0.0,0.0,0.0]",0.0,"[172.72174341,26.2782565904]","[0.867948459345,0.132051540655]",0.0
364,test,0,"[25.0,1.0,0.0,55.4416999817,1.0,1.0,1.0,2.0]",0.0,"[4.8272884447,194.172711555]","[0.0242577308779,0.975742269122]",1.0
365,test,0,"[29.8811378479,1.0,9.0,69.5500030518,0.0,1.0,0.0,2.0]",0.0,"[122.49504799,76.5049520098]","[0.615553004976,0.384446995024]",0.0
366,test,0,"[29.8811378479,1.0,0.0,14.4582996368,0.0,0.0,1.0,0.0]",0.0,"[171.933875826,27.0661241743]","[0.863989325757,0.136010674243]",0.0
367,test,0,"[22.0,0.0,0.0,39.6875,0.0,1.0,0.0,1.0]",0.0,"[113.879939592,85.1200604083]","[0.572261002973,0.427738997027]",0.0
368,test,0,"[45.0,0.0,1.0,59.4000015259,1.0,1.0,1.0,2.0]",0.0,"[3.25350200426,195.746497996]","[0.0163492563028,0.983650743697]",1.0
369,test,0,"[29.0,0.0,0.0,13.858300209,2.0,0.0,1.0,0.0]",0.0,"[179.904395555,19.0956044446]","[0.90404218872,0.0959578112796]",0.0
370,test,0,"[21.0,1.0,0.0,11.5,2.0,0.0,0.0,0.0]",0.0,"[182.126810922,16.8731890775]","[0.915210105138,0.084789894862]",0.0
371,test,0,"[31.0,0.0,0.0,134.5,1.0,1.0,1.0,1.0]",0.0,"[2.41029288268,196.589707117]","[0.0121120245361,0.987887975464]",1.0
372,test,0,"[49.0,0.0,0.0,0.0,1.0,0.0,0.0,0.0]",0.0,"[180.82492129,18.1750787105]","[0.908667946179,0.0913320538215]",0.0
373,test,0,"[44.0,0.0,0.0,13.0,2.0,0.0,0.0,0.0]",0.0,"[184.940372722,14.0596272785]","[0.929348606641,0.0706513933592]",0.0
374,test,0,"[54.0,1.0,1.0,81.8582992554,1.0,1.0,0.0,2.0]",0.0,"[5.71079405513,193.289205945]","[0.0286974575634,0.971302542437]",1.0
375,test,0,"[45.0,0.0,0.0,262.375,1.0,1.0,1.0,1.0]",0.0,"[2.67597679839,196.324023202]","[0.0134471195899,0.98655288041]",1.0
376,test,0,"[22.0,2.0,0.0,8.66250038147,0.0,1.0,0.0,1.0]",0.0,"[132.828546288,66.1714537118]","[0.667480132102,0.332519867898]",0.0
377,test,0,"[21.0,0.0,0.0,11.5,2.0,0.0,0.0,0.0]",0.0,"[186.832464517,12.1675354833]","[0.938856605612,0.0611433943884]",0.0
378,test,0,"[55.0,0.0,0.0,50.0,1.0,0.0,0.0,0.0]",0.0,"[156.617563314,42.3824366859]","[0.787022931227,0.212977068773]",0.0
379,test,0,"[5.0,4.0,2.0,31.3875007629,0.0,0.0,0.0,3.0]",0.0,"[154.807429431,44.1925705686]","[0.777926781062,0.222073218938]",0.0
380,test,0,"[29.8811378479,0.0,0.0,7.75,0.0,0.0,2.0,0.0]",0.0,"[178.690199563,20.3098004369]","[0.897940701322,0.102059298678]",0.0
381,test,0,"[26.0,0.0,0.0,7.87919998169,0.0,0.0,2.0,0.0]",0.0,"[168.245973383,30.7540266168]","[0.845457152679,0.154542847321]",0.0
382,test,0,"[29.8811378479,0.0,0.0,14.5,0.0,1.0,0.0,2.0]",0.0,"[89.2250572468,109.774942753]","[0.448367121843,0.551632878157]",1.0
383,test,0,"[19.0,1.0,0.0,16.1000003815,0.0,1.0,0.0,2.0]",0.0,"[95.0858371294,103.914162871]","[0.477818277032,0.522181722968]",1.0
384,test,0,"[29.8811378479,0.0,0.0,12.875,2.0,0.0,0.0,0.0]",0.0,"[184.844752092,14.1552479075]","[0.928868100967,0.0711318990328]",0.0
385,test,0,"[24.0,1.0,2.0,65.0,2.0,1.0,0.0,1.0]",0.0,"[7.60202654557,191.397973454]","[0.03820113842,0.96179886158]",1.0
386,test,0,"[24.0,0.0,0.0,7.77500009537,0.0,0.0,0.0,0.0]",0.0,"[177.701131689,21.298868311]","[0.892970511,0.107029489]",0.0
387,test,0,"[57.0,0.0,0.0,13.0,2.0,0.0,0.0,0.0]",0.0,"[181.588746327,17.4112536727]","[0.912506262951,0.0874937370488]",0.0
388,test,0,"[21.0,0.0,0.0,7.75,0.0,0.0,2.0,0.0]",0.0,"[164.603293286,34.3967067142]","[0.827152227567,0.172847772433]",0.0
389,test,0,"[6.0,3.0,1.0,21.0750007629,0.0,0.0,0.0,3.0]",0.0,"[145.94613835,53.05386165]","[0.733397680151,0.266602319849]",0.0
390,test,0,"[23.0,0.0,0.0,93.5,1.0,0.0,0.0,0.0]",0.0,"[130.661114747,68.3388852526]","[0.656588516318,0.343411483682]",0.0
391,test,0,"[51.0,0.0,1.0,39.4000015259,1.0,1.0,0.0,2.0]",0.0,"[10.9967101596,188.00328984]","[0.0552598500484,0.944740149952]",1.0
392,test,0,"[13.0,0.0,2.0,20.25,0.0,0.0,0.0,3.0]",0.0,"[86.9126871219,112.087312878]","[0.436747171467,0.563252828533]",1.0
393,test,0,"[47.0,0.0,0.0,10.5,2.0,0.0,0.0,0.0]",0.0,"[183.207571788,15.7924282116]","[0.920641064263,0.0793589357367]",0.0
394,test,0,"[29.0,3.0,1.0,22.0249996185,0.0,0.0,0.0,0.0]",0.0,"[179.583925337,19.4160746629]","[0.902431785614,0.0975682143864]",0.0
395,test,0,"[18.0,1.0,0.0,60.0,1.0,1.0,0.0,2.0]",0.0,"[6.98945572251,192.010544277]","[0.0351228930779,0.964877106922]",1.0
396,test,0,"[24.0,0.0,0.0,7.25,0.0,0.0,2.0,0.0]",0.0,"[170.047787466,28.9522125335]","[0.854511494807,0.145488505193]",0.0
397,test,0,"[48.0,1.0,1.0,79.1999969482,1.0,1.0,1.0,2.0]",0.0,"[2.61959155396,196.380408446]","[0.013163776653,0.986836223347]",1.0
398,test,0,"[22.0,0.0,0.0,7.77500009537,0.0,0.0,0.0,0.0]",0.0,"[177.992672,21.0073280002]","[0.894435537687,0.105564462313]",0.0
399,test,0,"[31.0,0.0,0.0,7.73330020905,0.0,0.0,2.0,0.0]",0.0,"[179.716271744,19.2837282564]","[0.903096842933,0.0969031570671]",0.0
400,test,0,"[30.0,0.0,0.0,164.866699219,1.0,1.0,0.0,1.0]",0.0,"[3.74309312392,195.256906876]","[0.0188095131855,0.981190486814]",1.0
401,test,0,"[38.0,1.0,0.0,21.0,2.0,0.0,0.0,0.0]",0.0,"[181.425534126,17.5744658736]","[0.911686101138,0.0883138988624]",0.0
402,test,0,"[22.0,0.0,1.0,59.4000015259,1.0,1.0,1.0,1.0]",0.0,"[3.94015294638,195.059847054]","[0.0197997635497,0.98020023645]",1.0
403,test,0,"[17.0,0.0,0.0,47.0999984741,1.0,0.0,0.0,0.0]",0.0,"[146.491391176,52.5086088238]","[0.736137644102,0.263862355898]",0.0
404,test,0,"[43.0,1.0,0.0,27.7208003998,1.0,0.0,1.0,0.0]",0.0,"[120.11581032,78.8841896802]","[0.603597036783,0.396402963217]",0.0
405,test,0,"[20.0,0.0,0.0,13.8625001907,2.0,0.0,1.0,0.0]",0.0,"[180.084410983,18.9155890165]","[0.904946788862,0.0950532111383]",0.0
406,test,0,"[23.0,1.0,0.0,10.5,2.0,0.0,0.0,0.0]",0.0,"[183.42217882,15.5778211801]","[0.921719491557,0.0782805084425]",0.0
407,test,0,"[50.0,1.0,1.0,211.5,1.0,0.0,1.0,0.0]",0.0,"[146.53015398,52.4698460203]","[0.736332432059,0.263667567941]",0.0
408,test,0,"[29.8811378479,0.0,0.0,7.72079992294,0.0,1.0,2.0,1.0]",0.0,"[82.0852159349,116.914784065]","[0.412488522286,0.587511477714]",1.0
409,test,0,"[3.0,1.0,1.0,13.7749996185,0.0,1.0,0.0,1.0]",0.0,"[70.7429229125,128.257077088]","[0.355492074937,0.644507925063]",1.0
410,test,0,"[29.8811378479,0.0,0.0,7.75,0.0,1.0,2.0,1.0]",0.0,"[82.1569580401,116.84304196]","[0.412849035377,0.587150964623]",1.0
411,test,0,"[37.0,1.0,0.0,90.0,1.0,1.0,2.0,2.0]",0.0,"[2.31604717041,196.68395283]","[0.011638427992,0.988361572008]",1.0
412,test,0,"[28.0,0.0,0.0,7.77500009537,0.0,1.0,0.0,1.0]",0.0,"[120.870683304,78.1293166964]","[0.60739036836,0.39260963164]",0.0
413,test,0,"[29.8811378479,0.0,0.0,8.05000019073,0.0,0.0,0.0,0.0]",0.0,"[177.610818737,21.3891812633]","[0.892516677069,0.107483322931]",0.0
414,test,0,"[39.0,0.0,0.0,108.900001526,1.0,1.0,1.0,13.0]",0.0,"[8.06217099259,190.937829007]","[0.0405134220733,0.959486577927]",1.0
415,test,0,"[38.5,0.0,0.0,7.25,0.0,0.0,0.0,0.0]",0.0,"[188.550662877,10.449337123]","[0.947490768226,0.052509231774]",0.0
416,test,0,"[29.8811378479,0.0,0.0,8.05000019073,0.0,0.0,0.0,0.0]",0.0,"[177.610818737,21.3891812633]","[0.892516677069,0.107483322931]",0.0
417,test,0,"[29.8811378479,1.0,1.0,22.3582992554,0.0,0.0,1.0,3.0]",0.0,"[92.8288021916,106.171197808]","[0.466476392923,0.533523607077]",1.0
